Park Name,County,
Baggett Park,St. Mary's,
Cardinal Gibbons Park,St. Mary's,
Carver Heights Community Park,St. Mary's,
Cecil Park,St. Mary's,
Chancellor’s Run Regional Park,St. Mary's,
Chaptico Park,St. Mary's,
Dorsey Park,St. Mary's,
Elms Beach & Waterfront Park,St. Mary's,
Fifth District Park,St. Mary's,
Hollywood Soccer Complex,St. Mary's,
Jarboesville Park,St. Mary's,
Lancaster Park,St. Mary's,
Laurel Ridge Park,St. Mary's,
Lexington Manor Passive Park,St. Mary's,
Miedzinski Park,St. Mary's,
Myrtle Point Waterfront Park,St. Mary's,
Nicolet Park,St. Mary's,
Public Landings,St. Mary's,
Seventh District Park,St. Mary's,
Snow Hill Waterfront Park,St. Mary's,
St. Andrews Estates Park,St. Mary's,
St. Clements Shores Park,St. Mary's,
Three Notch Trail,St. Mary's,
Town Creek Park,St. Mary's,
Back Creek Community Park,Talbot,
Bellevue Community Park,Talbot,
Black Walnut Point,Talbot,
Claiborne Jetty,Talbot,
Cordova Community Park,Talbot,
Frederick Douglass Park on the Tuckahoe,Talbot,
Homerun Baker Sports Complex,Talbot,
Mt. Pleasant Practice Field,Talbot,
Neavitt Community Park,Talbot,
Oxford Conservation Park,Talbot,
Perry Cabin Park and Sports Complex,Talbot,
Seymour Ave. Waterfront Park,Talbot,
Sinclair Ave. Waterfront Park,Talbot,
Talbot County Community Sports Complex,Talbot,
Wittman Community Park,Talbot,
Antietam National Battlefield,Washington,
Chesapeake and Ohio Canal National Historical Park,Washington,
Fairgrounds Park,Washington,
Fort Frederick State Park,Washington,
Fort Tonoloway State Park,Washington,
Gathland State Park,Washington,
Greenbrier State Park,Washington,
Hagerstown City Park,Washington,
Harpers Ferry National Historical Park,Washington,
Pen Mar Park,Washington,
South Mountain State Park,Washington,
Washington Monument State Park,Washington,
Adkins Mill Park,Wicomico,
Arthur W. Perdue Stadium,Wicomico,
Billy Gene Jackson Sr. Park,Wicomico,
Bivalve Wharf,Wicomico,
Cedar Hill Marina and Park,Wicomico,
Cedarhurst Playground,Wicomico,
Centennial Village Playground,Wicomico,
Cope Bennett Park,Wicomico,
Cove Road Beach,Wicomico,
Crooked Oak Playground,Wicomico,
Douglas Nichols Park,Wicomico,
East Wicomico Little League Park,Wicomico,
Eastside Sports Complex / Willards Park,Wicomico,
Edgewood Park,Wicomico,
Emerson C. Holloway Park,Wicomico,
Gene Lowe Park,Wicomico,
Henry S. Parker Athletic Complex,Wicomico,
Indian Village Playground,Wicomico,
Kilbirnie Playground,Wicomico,
Leonards Mill Park,Wicomico,
Mason Dixon Sports Complex,Wicomico,
Nanticoke Harbor,Wicomico,
Nick Meyer Park,Wicomico,
Pemberton Historical Park,Wicomico,
Pirate's Wharf Park,Wicomico,
Riverside Boat Ramp,Wicomico,
Roaring Point Park,Wicomico,
San Domingo Park,Wicomico,
Schumaker Park,Wicomico,
The Courts at Harmon Field,Wicomico,
Tyaskin Park,Wicomico,
West Metro Core,Wicomico,
Westside Community Center,Wicomico,
Wetipquin Park,Wicomico,
WinterPlace Park & Equestrian Center,Wicomico,
Betterton Beach,Kent,
 Chestertown Dog Park.,Kent,
 Cypress Branch State Park,Kent,
Edesville Park,Kent,
 Ferry Park,Kent,
 Fountain Park,Kent,
 Galena Town Park,Kent,
 Kent County Parks & Recreation,Kent,
 Millington Pool,Kent,
 Still Pond Station Park ,Kent,
 Toal Park,Kent,
 Turner's Creek Park,Kent,
 Wilmer Park,Kent,
 Worton Park,Kent,
Deep Creek Lake State Park,Garrett,
Herrington Manor State Park,Garrett,
New Germany State Park,Garrett,
Potomac-Garrett State Forest,Garrett,
Swallow Falls State Park,Garrett,
Casselman River Bridge State Park,Garrett,
Savage River State Forest,Garrett,
Sang Run State Park,Garrett,
Big Run State Park,Garrett,
Wolf Den Run State Park,Garrett,
Potomac-Garrett State Forest,Garrett,
Baker Park,Frederick,
Ballenger Creek Park,Frederick,
Buckeystown Park,Frederick,
Carroll Creek Park,Frederick,
Catoctin Creek Park and Nature Center,Frederick,
Centerville Recreation Center,Frederick,
Color on the Creek,Frederick,
Creagerstown Park,Frederick,
Deer Crossing Recreation Center,Frederick,
Devilbiss Bridge Park,Frederick,
Fountain Rock Park & Nature Center,Frederick,
Fountaindale Park,Frederick,
Frederick Bocce Club Inc.,Frederick,
Frederick City Watershed,Frederick,
Green Hill Park,Frederick,
Heritage Farm Park,Frederick,
Jug Bridge Monument Park,Frederick,
Kemptown Park,Frederick,
Libertytown Park,Frederick,
Loy's Station Covered Bridge,Frederick,
Memorial Park,Frederick,
Middletown Park,Frederick,
Middletown Recreation Center,Frederick,
Monocacy Scenic Water Trail,Frederick,
Mount Tabor Park,Frederick,
Oakdale Recreation Center,Frederick,
Old National Pike Park,Frederick,
Tree Trekkers,Frederick,
Tuscarora Recreation Center,Frederick,
Urbana District Park,Frederick,
Utica District Park,Frederick,
Utica Mills Covered Bridge,Frederick,
Walkersville Recreation Center,Frederick,
Woodsboro Park,Frederick,
Othello Regional Park,Frederick,
Pinecliff Park,Frederick,
Point of Rocks Community Commons Park,Frederick,
Point of Rocks Community Park,Frederick,
Rocky Ridge Landing,Frederick,
Roddy Road Covered Bridge,Frederick,
Sophie & Madigan's Playground,Frederick,
Sugarloaf Mountain,Frederick,
Thurmont Recreation Center,Frederick,
Bensville Park,Charles,
Bryantown Soccer Complex,Charles,
Chapel Point Park,Charles,
Charlie Wright Park,Charles,
Friendship Farm Park - Friendship Landing,Charles,
Gilbert Run Park,Charles,
Indian Head Rail Trail,Charles,
Laurel Springs Regional Park,Charles,
Mallows Bay Park,Charles,
Oak Ridge Park,Charles,
Pisgah Park,Charles,
Port Tobacco River Park and Tom Roland Natural Resource Area,Charles,
Robert D. Stethem Memorial Sports Complex,Charles,
Ruth B. Swann Memorial Park,Charles,
Southern Park,Charles,
Turkey Hill Park,Charles,
Calvert Regional Park,Cecil,
Earleville Wildlife Management Area,Cecil,
Elk Neck State Forest,Cecil,
Elk Neck State Park,Cecil,
Elk Neck Trail,Cecil,
Fair Hill Natural ResourcesManagement Area,Cecil,
Fair Hill Nature Center,Cecil,
Garret Island,Cecil,
Ice House Park,Cecil,
Lower Susquehanna Heritage Greenway,Cecil,
BGE Recreation Area (BGE Field),Calvert,
Cove Point Park,Calvert,
Cove Point Park Dog Park,Calvert,
Grays Road Dog Park,Calvert,
Hallowing Point Park,Calvert,
King Park,Calvert,
Marley Run Recreational Area,Calvert,
Solomons Town Center Park,Calvert,
Grover Field,Calvert,
Dunkirk District Park,Calvert,
Dunkirk District Park Dog Park ,Calvert,
Twin Shields Recreation Area,Calvert,
Ward Farm,Calvert,
Bishopville Park,Worcester,
Girdletree Park,Worcester,
Greys Creek Nature Park,Worcester,
Herring Creek Nature Park,Worcester,
Homer Gudelsky Park,Worcester,
Isle of Wight Park,Worcester,
John Walter Smith Park,Worcester,
Newark Park,Worcester,
Newtown Park,Worcester,
Northern Worcester Athletic Complex,Worcester,
Public Landing,Worcester,
Public Landing Boat Slip ,Worcester,
Showell Park,Worcester,
Stockton Park,Worcester,
Warrior Courts- Stephen H Long Memorial Park,Worcester,
Whaleyville Park,Worcester,
Worcester County Recreation Center,Worcester,
Crumpton Park ,Queen Anne's,
Mowbray Park ,Queen Anne's,
Pinkney Park,Queen Anne's,
 Long Point Park ,Queen Anne's,
Ewing Pond Park ,Queen Anne's,
Stevensville Park ,Queen Anne's,
Community Parks ,Queen Anne's,
Round Top Park ,Queen Anne's,
Grasonville Park ,Queen Anne's,
Church Hill Park,Queen Anne's,
 Batts Neck Park ,Queen Anne's,
Old Love Point Park ,Queen Anne's,
Route 18 Park ,Queen Anne's,
Whitemarsh Park,Queen Anne's,
 Sudlersville Park ,Queen Anne's,
Countywide Special Use Old Love Point Nature Area ,Queen Anne's,
Terrapin Nature Area ,Queen Anne's,
Blue Heron Golf Course/Driving Range Conquest ,Queen Anne's,
Preserve Chesapeake Heritage and Visitors Center,Queen Anne's,
 Cross Island/Kent Island Trail ,Queen Anne's,
Blue Heron Nature Preserve ,Queen Anne's,
4-H Park Slaby Property ,Queen Anne's,
Ferry Point Park ,Queen Anne's,
Matapeake Clubhouse and Public Beach Waterman Environmental Area ,Queen Anne's,
Kudner Property ,Queen Anne's,
Chesapeake College Island Dog Park ,Queen Anne's,
Kirwin Creek Property Town Parks ,Queen Anne's,
Piney Creek Nature Area ,Queen Anne's,
Mill Stream Park ,Queen Anne's,
Queenstown Park ,Queen Anne's,
Roosevelt Park ,Queen Anne's,
Centreville Wharf Park ,Queen Anne's,
Millington Park ,Queen Anne's,
Privately Owned Parks ,Queen Anne's,
Wildfowl Trust of America (CBEC) ,Queen Anne's,
State Facilities ,Queen Anne's,
Tuckahoe State Park ,Queen Anne's,
Wye Mills Lake ,Queen Anne's,
Wye Island NRMA DNR Headquarters/Matapeake Park ,Queen Anne's,
Langenfelder Property ,Queen Anne's,
Unicorn Lake ,Queen Anne's,
Warehouse Creek,Queen Anne's,
 Browns Landing ,Queen Anne's,
Little Creek Landing ,Queen Anne's,
Goodhand's Creek,Queen Anne's,
 Cabin Creek Landing ,Queen Anne's,
Bryantown Landing,Queen Anne's,
 Bennett Point (Wye Ferry),Queen Anne's,
 Southeast Creek Deep Landing ,Queen Anne's,
Jackson Creek Landing ,Queen Anne's,
Well's Cove Landing ,Queen Anne's,
Kent Narrows Landing ,Queen Anne's,
Romancoke Fishing Pier/Kayak Launch ,Queen Anne's,
Centreville Landing ,Queen Anne's,
Dominion Marina ,Queen Anne's,
Watermans Boat Basin Shipping Creek ,Queen Anne's,
Thompson Creek ,Queen Anne's,
Matapeake Landing/ Pier Crumpton Landing,Queen Anne's,
South Franklin Initiative,Somerset,
Colonial Park,Somerset,
Quail Brook Golf Course & Park,Somerset,
Sourland Mountain Preserve,Somerset,
Skillman Park,Somerset,
Van Horne Park,Somerset,
Second Watchung Greenway,Somerset,
Lord Stirling Park,Somerset,
Little Brook Sanctuary,Somerset,
Reeve Tract,Somerset,
Neshanic Valley Golf Course,Somerset,
North Branch Greenway,Somerset,
South Branch Greenway,Somerset,
North Branch Park,Somerset,
Lamington Greenway,Somerset,
Raritan River Greenway,Somerset,
Duke Island Park,Somerset,
Chipman Tract,Somerset,
Washington Valley Park,Somerset,
Green Knoll Golf Course,Somerset,
Buck Garden,Somerset,
Warrenbrook Golf & Pool,Somerset,
Rezem,Somerset,
Railroad Lots,Somerset,
East County Reserve,Somerset,
Passaic River Greenway,Somerset,
Natirar,Somerset,
Washington Rock Park,Somerset,
Bear Branch Nature Center,Carroll,
Bennett Cerf Park,Carroll,
Equestrian Center,Carroll,
Carroll County Farm Museum,Carroll,
Carroll County Sports Complex,Carroll,
Cherrytown Road Ball Field,Carroll,
Deer Park,Carroll,
Hashawha Environmental Center,Carroll,
Hodges Park,Carroll,
Landon C. Burns Park,Carroll,
Leister Park,Carroll,
North Carroll Community Pond,Carroll,
Salt Box Park,Carroll,
Sandymount Park,Carroll,
Union Mills Homestead,Carroll,
Westminster Community Pond,Carroll,
Piney Run Park,Carroll,
Cape Horn Park,Carroll,
Carroll Community College,Carroll,
Obrecht Road Ballfield,Carroll,
Kate Wagner Park,Carroll,
Old Liberty Road Ballfields,Carroll,
Mayeski Park,Carroll,
Bark Hill Park,Carroll,
Double Pipe Creek Park,Carroll,
Gillis Falls Park,Carroll,
Krimgold Park,Carroll,
Westminster Veterans Memorial Park,Carroll,
Freedom Park,Carroll,
Hap Baker Firearms Facility,Carroll,
Winfield Park,Carroll,
Cancer Survivors Park,Baltimore,
Carriage Hills Park,Baltimore,
Hydes Road Park,Baltimore,
Carroll Manor Park,Baltimore,
Carver Community Center,Baltimore,
Catonsville Community Park & Senior Center,Baltimore,
Catonsville Administration Building,Baltimore,
Acquilla Randall Monument,Baltimore,
Aero Acres Park,Baltimore,
Aero Acres Tot Lot,Baltimore,
Andrea Avenue Playground,Baltimore,
Arbour Manor Park,Baltimore,
Ateaze Senior Center,Baltimore,
Back River Community Center,Baltimore,
Balder Avenue Tot Lot,Baltimore,
Baltimore Highlands Annex,Baltimore,
Banneker Community Center,Baltimore,
Benjamin Banneker Historical Park and Museum,Baltimore,
Battle Acre Park,Baltimore,
Battle Grove Park,Baltimore,
Bauernschmidt Manor Park,Baltimore,
Bear Creek Park,Baltimore,
Belmar Park,Baltimore,
Belmont Park,Baltimore,
Bengies Community Center,Baltimore,
Berkshire Park,Baltimore,
Briarcliff Park,Baltimore,
Burnside Park,Baltimore,
Fullerton Park and Community Building,Baltimore,
Garden Village Park,Baltimore,
Gay Oaks Park,Baltimore,
Glendale Park,Baltimore,
Glyndon Station Park,Baltimore,
Wilson Point Park,Baltimore,
Chesterwood Park,Baltimore,
Warren Place Park,Baltimore,
Colgate Park,Baltimore,
Watersedge Community Center & Concrete Homes Park,Baltimore,
Country Ridge Park,Baltimore,
County Home Park,Baltimore,
Cowenton Ridge Park,Baltimore,
Cox's Point Park,Baltimore,
Crandon Local Open Space,Baltimore,
Fullerton Community Center,Baltimore,
Cromwell Valley Park,Baltimore,
Darkhead Creek Park,Baltimore,
Deep Creek Village Park,Baltimore,
Del Rio Park,Baltimore,
Double Rock Park,Baltimore,
Dulaney Springs Park,Baltimore,
Dundalk Heritage Park,Baltimore,
Dundalk Veterans Park,Baltimore,
Marshy Point Park,Baltimore,
Eastern Regional Park,Baltimore,
Eastwood Park,Baltimore,
Edgemere Senior Center & Park,Baltimore,
Edmondson Heights Park,Baltimore,
Essex Farm Park,Baltimore,
Fleming Community Center and Park,Baltimore,
Forge Park,Baltimore,
Fort Howard Veterans Park,Baltimore,
Fort Howard Park,Baltimore,
Fox Ridge Park,Baltimore,
Hillcrest Park,Baltimore,
Holland Hills Park,Baltimore,
Holly Manor Park,Baltimore,
Holt Park and Center for the Arts,Baltimore,
Honeygo Run Regional Park,Baltimore,
Arbutus Recreation Center,Baltimore,
Idlewylde/Idlewood Park,Baltimore,
Inverness Center,Baltimore,
Inverness Park,Baltimore,
Kingston Park,Baltimore,
Krause Memorial Park,Baltimore,
Lansdowne Community Park,Baltimore,
Golden Ring Park,Baltimore,
Gray Manor Park,Baltimore,
Greenview Manor LOS & Tot Lot- Fordcrest Road,Baltimore,
Gwynn Oak Park,Baltimore,
Gwynnvale Park,Baltimore,
Halethorpe Community Center & Park,Baltimore,
Hamiltowne Park,Baltimore,
Hannah More Park,Baltimore,
Harbor View Park,Baltimore,
Harford Park,Baltimore,
Hathaway LOS & Tot Lot- Terry Town Drive,Baltimore,
Hawthorne/Midthorne Park,Baltimore,
Hazelwood Park,Baltimore,
Hebbville Annex,Baltimore,
Hickory Hills Park,Baltimore,
West Towson Park,Baltimore,
Orchard Hills Park,Baltimore,
Oregon Ridge Park,Baltimore,
Overlook Park,Baltimore,
Valley Fields Park South,Baltimore,
Parkville Center,Baltimore,
Linover Park,Baltimore,
Loch Raven Center,Baltimore,
Loch Raven Heights Park,Baltimore,
Loreley Community Center,Baltimore,
Lynch Cove Park,Baltimore,
Lyons Homes Park,Baltimore,
Indian Rock Park,Baltimore,
Martindale Park,Baltimore,
Cloverland Park,Baltimore,
Merritt Point Park,Baltimore,
Miami Beach Park,Baltimore,
Missing Pines Tot Lot,Baltimore,
North Point Government Center,Baltimore,
North Point Village Park,Baltimore,
Northwest Regional Park,Baltimore,
Trolley Line Number Nine Trail,Baltimore,
Nunnery Lane Park,Baltimore,
Oak Road Park,Baltimore,
Oakhurst LOS- Stoneway Place,Baltimore,
Oella Neighborhood Park/Westchester Annex,Baltimore,
Riderwood Hills Park,Baltimore,
Ridgeleigh Park & Playground,Baltimore,
Rockdale Park,Baltimore,
Rocky Point Park,Baltimore,
Rodgers Forge Tot Lot,Baltimore,
Rollingwood Park,Baltimore,
Rosedale Park,Baltimore,
Rutherford Heights Park,Baltimore,
Saint Helena Park,Baltimore,
Sandy Hills Park,Baltimore,
Stevenswood Park,Baltimore,
Gough Park,Baltimore,
Scotts Hill Park,Baltimore,
Pelham Wood Tot Lot,Baltimore,
Pottery Farm Park,Baltimore,
Powdermill Run Park,Baltimore,
Putty Hill Park,Baltimore,
Perry Hall Park,Baltimore,
Reisterstown Regional Park,Baltimore,
Relay Park,Baltimore,
Watersedge Park,Baltimore,
West Hills Park,Baltimore,
West Lutherville Park,Baltimore,
Diamond Ridge Family Park,Baltimore,
Western Hills Park,Baltimore,
Westview Park,Baltimore,
Seminary Park,Baltimore,
Shelbourne Park,Baltimore,
Silver Creek Park,Baltimore,
South Oakleigh Tot Lot,Baltimore,
Sollers Point Multi-Purpose Center,Baltimore,
Southwest Area Park,Baltimore,
Sparks Park,Baltimore,
Stansbury Park,Baltimore,
Stoneridge LOS,Baltimore,
Sudbrook Park,Baltimore,
Taylor Park,Baltimore,
Towson Manor Park,Baltimore,
Turkey Point Park,Baltimore,
Turner Station Park,Baltimore,
Unger's Field,Baltimore,
Victory Villa Community Center,Baltimore,
Villa Maria Park,Baltimore,
Villa Nova Park,Baltimore,
Willow Grove Park,Baltimore,
Woodcroft Playground,Baltimore,
Woodlawn Community Center,Baltimore,
Woodlawn Memorial Park,Baltimore,
Carrollwood Manor LOS- Nollmeyer Road,Baltimore,
Hillendale Open Space- Dalton Rd.,Baltimore,
Snyder Lane Park,Baltimore,
Kiwanis Field at Delight Quarry,Baltimore,
Fort Garrison Historical Site,Baltimore,
Valley Fields Park North,Baltimore,
Rider Mill LOS- Grist Stone Way,Baltimore,
Ridgely Park,Baltimore,
Village of Deer Park LOS- Deer Trail Way,Baltimore,
Lake Roland Park,Baltimore,
Southeast Regional Recreation Center,Baltimore,
Southwest Regional Recreation Center,Baltimore,
Sparrows Point Park,Baltimore,
Ashton Valley LOS,Baltimore,
Meadowood Regional Park,Baltimore,
Perry Hall Mansion,Baltimore,
Towson Government Complex,Baltimore,
Fields at Renaissance Park & Stembridge Community Center,Baltimore,
Sweet Air Park and Jacksonville Community Center,Baltimore,
Mount Vista Park,Baltimore,
Claybrooke LOS,Baltimore,
Randallstown Community Center,Baltimore,
Chesapeake Gateway Park,Baltimore,
Meadow Creek Park,Baltimore,
Owings Park Apartments Playground,Baltimore,
Baltimore County Center for Maryland Agriculture and Farm Park,Baltimore,
Spring Grove Park,Baltimore,
Olympian Park,Baltimore,
Southland Hills Park,Baltimore,
Karll Trust Park,Baltimore,
Dundalk Community Center & Recreation Activity Center,Baltimore,
Red Run Greenway Park and Trail,Baltimore,
Northeast Regional Recreation Center,Baltimore,
Waterview Park,Baltimore,
North Point Old Methodist Park Site,Baltimore,
Bonnie View Estates LOS - Playground Parcel,Baltimore,
BeeTree Conservation & Public Rec Access Easement,Baltimore,
Dogwood Road Park Site,Baltimore,
Catonsville Short Line Trail,Baltimore,
Soukup Park and Arena,Baltimore,
Angel Park,Baltimore,
Collins Property,Howard,
Lash Property,Howard,
Bollman Truss Bridge,Howard,
Savage Park,Howard,
Huntington Park,Howard,
Guilford Park,Howard,
Atholton Park,Howard,
Headquarters,Howard,
Holiday Hills Park,Howard,
Kiwanis Wallas Hall and Park,Howard,
Hawthorn Park,Howard,
Dayton Park,Howard,
Lisbon Park,Howard,
Manor Woods Park,Howard,
Waverly Mansion,Howard,
Allenford/North Farm Park,Howard,
Cypressmede Park,Howard,
Woodstock Park,Howard,
Centennial Park,Howard,
Cedar Lane Park,Howard,
West Friendship Park,Howard,
Western Regional Park,Howard,
Carrs Mill NRA,Howard,
High Ridge Park,Howard,
Harwood Park,Howard,
Middle Patuxent Environmental Area,Howard,
Dickinson Park,Howard,
Patapsco Female Institute,Howard,
Martin Road Park,Howard,
Waterloo Park,Howard,
Gwynn Acres NRA,Howard,
Long Reach Garden Plots,Howard,
David Force Stream Valley NRA,Howard,
Baldwin Commons Park,Howard,
Warfields Pond Park,Howard,
Rockburn Branch Park,Howard,
Tiber Park,Howard,
East Columbia Library Park,Howard,
Old Firehouse Museum,Howard,
Rt. 29 Pedestrian Bridge,Howard,
Thomas Isaac Log Cabin,Howard,
Heritage Heights Park/Clarks Glen Playground,Howard,
Pleasant Chase Playground,Howard,
Howard County Center for the Arts/ Rockland Arts Center,Howard,
Willowwood Playground,Howard,
David Force Community Park,Howard,
B & O Railroad Museum,Howard,
Town and Country Park,Howard,
Pratt Truss Bridge/Murray Hill Stream Valley,Howard,
Wyndermere Playground,Howard,
Font Hill Park,Howard,
Elkhorn Park,Howard,
Dunloggin Park,Howard,
Schooley Mill Park,Howard,
West Side Garden Plots,Howard,
Robinson Nature Center,Howard,
Hammond Park,Howard,
Elkhorn Garden Plots,Howard,
Teeter Property,Howard,
Benson Branch Park,Howard,
Poplar Springs Park,Howard,
Centennial Park Access Pathway,Howard,
Governors Run Playground,Howard,
Pratt Truss Bridge Historic Site,Howard,
Fulton South Area Park,Howard,
Troy Park (Troy Park at Elkridge),Howard,
South Branch Park,Howard,
Sewells Orchard Park,Howard,
Patapsco Greenway (Lewis),Howard,
Col. Anderson Memorial,Howard,
Timbers At Troy Golf Course,Howard,
Chaconas Property,Howard,
Thompson Property,Howard,
Ganon-Bahl Property,Howard,
Haviland Mill Park (Zirn/Collins Property),Howard,
North Laurel Park and Community Center,Howard,
Gorman Stream Valley Park NRA,Howard,
Cedar Villa Heights Park,Howard,
Ellicott City Colored School House,Howard,
Wincopin Trails/Murray Hill Stream Valley,Howard,
Haviland Mill Park (Salas Property),Howard,
Belmont Manor and Historic Park,Howard,
Roger Carter Community Center,Howard,
Drell Property,Howard,
Granite Mansion (Heine Property),Howard,
Haviland Mill Park (Masback Property),Howard,
Alpha Ridge Park,Howard,
Hollifield Station Park,Howard,
Meadowbrook Park,Howard,
Patapsco Greenway (Houchens),Howard,
Johnson Property,Howard,
Patuxent Basin NRA,Howard,
Worthington Dog Park,Howard,
Downey Property,Howard,
Blandair Regional Park,Howard,
Coles Property (Shipley Park),Howard,
Coles Property (Shipley Park),Howard,
"Bailey Park (Vivian C. ""Millie"")",Howard,
Savage Remainder,Howard,
Ilchester Park (Camp Ilchester),Howard,
Patapsco Greenway (Lamb Acquisition),Howard,
Pocket Park,Howard,
Mount Ida,Howard,
Montrose Woods Park,Montgomery,
Montrose Park,Montgomery,
David Scull Park,Montgomery,
North Street Park,Montgomery,
Mary Trumbo Park,Montgomery,
Courthouse Square Park,Montgomery,
Kinship Park,Montgomery,
Potomac Woods Park,Montgomery,
Orchard Ridge Park,Montgomery,
Dawson Farm Park,Montgomery,
Horizon Hill Park,Montgomery,
Woottons Mill Park,Montgomery,
Jacquilin Trells Williams Park,Montgomery,
James Monroe Park,Montgomery,
Thirty Oaks Park,Montgomery,
King Farm Stream Valley Park,Montgomery,
King Farm Stream Valley Park,Montgomery,
King Farm Stream Valley Park,Montgomery,
Senior Center Park,Montgomery,
Monument Park,Montgomery,
Beall-Dawson House & Park,Montgomery,
Millenium Garden Park,Montgomery,
Elwood Smith Park,Montgomery,
King Farm Stream Valley Park,Montgomery,
King Farm Stream Valley Park,Montgomery,
Northeast Park,Montgomery,
Northeast Park,Montgomery,
Memory Walk Park,Montgomery,
First Street Park,Montgomery,
Fallsgrove Stream Valley,Montgomery,
King Farm Stream Valley Park,Montgomery,
King Farm Stream Valley Park,Montgomery,
King Farm 12 Acre Park,Montgomery,
King Farm Stream Valley Park,Montgomery,
King Farm Stream Valley Park,Montgomery,
King Farm Stream Valley Park,Montgomery,
Long Branch SVU 1,Montgomery,
Long Branch-Garland Neighborhood Park,Montgomery,
Autre-St.Mary's Park,Montgomery,
Broome Athletic Park,Montgomery,
Friends Park,Montgomery,
Village Green Park,Montgomery,
Fallsgrove Park,Montgomery,
Woottons Mill Park,Montgomery,
Elwood Smith Park,Montgomery,
North Farm Park,Montgomery,
Dawson Farm Park,Montgomery,
Israel Park,Montgomery,
Maryvale Park,Montgomery,
Agricultural History Farm Park,Montgomery,
T. Howard Duckett Watershed,Montgomery,
Civic Center Park,Montgomery,
Woodley Gardens Park,Montgomery,
College Gardens Park,Montgomery,
Woottons Mill Park,Montgomery,
Charred Oak NCA,Montgomery,
Veteran's Park Civic Green,Montgomery,
South Silver Spring Urban Recreational Park,Montgomery,
Springfield Urban Park,Montgomery,
Rock Spring Urban Park,Montgomery,
Capital Crescent Trail Special Park,Montgomery,
Glenora Park,Montgomery,
Veterans Park,Montgomery,
Pump House at Croydon Park,Montgomery,
Karn Park,Montgomery,
Lone Oak Park,Montgomery,
Silver Rock Park,Montgomery,
Poolesville Public Golf Course,Montgomery,
Twinbrook Park,Montgomery,
Rockcrest Park,Montgomery,
Rose Hill Tot Lot,Montgomery,
Mark Twain Athletic Park,Montgomery,
Redgate Municipal Golf Course,Montgomery,
Peg Santee Park,Montgomery,
Rockville Town Square,Montgomery,
Hillcrest Park,Montgomery,
Calvin Park,Montgomery,
Anderson Park,Montgomery,
Upper Watts Branch Park,Montgomery,
Rockcrest Park,Montgomery,
Willard Avenue Neighborhood Park,Montgomery,
Rattlewood Golf Course,Montgomery,
Hampshire Greens Golf Course,Montgomery,
Quince Orchard Valley Neighborhood Park,Montgomery,
Woodacres Local Park,Montgomery,
McCrillis Gardens Special Park,Montgomery,
Meadowbrook Maintenance Annex,Montgomery,
Glenfield Local Park,Montgomery,
Waters House Special Park,Montgomery,
Edith Throckmorton Neighborhood Park,Montgomery,
Takoma Urban Park,Montgomery,
Sligo Mill Overlook Neighborhood Park,Montgomery,
Kensington Parkway SVP,Montgomery,
East Woods Forest Reserve,Montgomery,
Zoe Wadsworth Park,Montgomery,
Travis Avenue Park,Montgomery,
Brown Station Park,Montgomery,
Rickman Farm Horse Park,Montgomery,
Dry Seneca Creek Park,Montgomery,
L.M. Stevens Park,Montgomery,
Collier Circle Park,Montgomery,
Great Seneca SVU 3,Montgomery,
Cabin John Local Park,Montgomery,
Nolte Local Park,Montgomery,
Bradley Local Park,Montgomery,
Connecticut Avenue Neighborhood Park,Montgomery,
Wheaton-Claridge Local Park,Montgomery,
Lower Portal Park,Montgomery,
Brooks Park,Montgomery,
Campbell Park,Montgomery,
Dr. Dillingham Park,Montgomery,
Whalen Commons Park,Montgomery,
Wootten Heights Park,Montgomery,
Westerly Avenue Park,Montgomery,
Willard Practice Field Park,Montgomery,
E.E. Halmos Park,Montgomery,
Bodmer Park,Montgomery,
Beaver Pond Park,Montgomery,
Lori Gore Park,Montgomery,
Goshen Branch SVP,Montgomery,
Cabin John SVU 2,Montgomery,
Cabin John SVU 3,Montgomery,
Booze Creek SVP,Montgomery,
Greenwich Neighborhood Park,Montgomery,
Concord Local Park,Montgomery,
Cheltenham Drive Urban Park,Montgomery,
Chase Avenue Urban Park,Montgomery,
Lynnbrook Local Park,Montgomery,
Norwood Local Park,Montgomery,
Elm Street Urban Park,Montgomery,
Caroline Freeland Urban Park,Montgomery,
South Gunner's Branch Local Park,Montgomery,
Kingsview Local Park,Montgomery,
Rockwood Special Park,Montgomery,
Lois Y. Green Conservation Park,Montgomery,
Great Seneca SVU 5,Montgomery,
Great Seneca SVU 7,Montgomery,
Magruder Branch SVU 1,Montgomery,
Josiah Henson Special Park,Montgomery,
Wells Neighborhood Park,Montgomery,
Waverly-Schuylkill Neighborhood Park,Montgomery,
Garrett Park-Waverly Neighborhood Park,Montgomery,
Porcupine Woods Park,Montgomery,
Druid Drive Neighborhood Park,Montgomery,
Veirs Mill Local Park,Montgomery,
Bohrer Park at Summit Hall Farm and Activity Center,Montgomery,
Duvall Park,Montgomery,
City Hall and Civic Center Park,Montgomery,
Wells-Robertson House,Montgomery,
Lake Placid Dam,Montgomery,
Lakelands Park,Montgomery,
Kentlands Green,Montgomery,
Inspiration Park,Montgomery,
Main Street Pavillion,Montgomery,
Little Quarry Park,Montgomery,
Kentlands Lakes Park,Montgomery,
Black Hill Regional Park,Montgomery,
Willard Avenue Neighborhood Park,Montgomery,
Long Branch-Arliss Neighborhood Park,Montgomery,
Long Branch-Wayne Local Park,Montgomery,
Morgan Park,Montgomery,
Railroad Park,Montgomery,
Woodward Park,Montgomery,
Chapel Park,Montgomery,
Howard Park,Montgomery,
Wade Park,Montgomery,
Hickory Park,Montgomery,
Kilgour Branch SVP,Montgomery,
Bedfordshire Neighborhood Park,Montgomery,
Takoma-Langley Community Center,Montgomery,
Capitol View-Homewood Local Park,Montgomery,
McKenney Hills Neighborhood Park,Montgomery,
Capitol View Open Space Urban Park,Montgomery,
Dowden's Ordinary Special Park,Montgomery,
Clarksburg Neighborhood Park,Montgomery,
Ovid Hazen Wells Greenway SVP,Montgomery,
Forest Glen Neighborhood Park,Montgomery,
Birch Drive NCA,Montgomery,
Rosemary Hills-Lyttonsville Local Park,Montgomery,
Serpentine Barrens Conservation Park - East Unit,Montgomery,
Quince Orchard Knolls Local Park,Montgomery,
River Road Shale Barrens Conservation Park,Montgomery,
Clarksburg Triangle Urban Park,Montgomery,
Ovid Hazen Wells Recreational Park,Montgomery,
Great Seneca SVU 9,Montgomery,
Tilden Woods SVP,Montgomery,
Hawlings River SVP,Montgomery,
Timberlawn Local Park,Montgomery,
Stonegate Local Park,Montgomery,
Norwood Village NCA,Montgomery,
Plumgar Local Park,Montgomery,
McCouley Park,Montgomery,
Traville Local Park,Montgomery,
Drake Drive NCA,Montgomery,
Wood Local Park,Montgomery,
White Flint Neighborhood Park,Montgomery,
Old Farm NCA,Montgomery,
Farmland Drive Local Park,Montgomery,
Dry Seneca Creek SVU 1,Montgomery,
Stewartown Local Park,Montgomery,
Hunters Woods NCA,Montgomery,
Burnt Mills East Special Park,Montgomery,
Burnt Mills West Special Park,Montgomery,
Big Pines Local Park,Montgomery,
Bauer Drive Local Park,Montgomery,
Juniper-Blair Neighborhood Park,Montgomery,
Jesup-Blair Local Park,Montgomery,
Silver Spring Intermediate Neighborhood Park,Montgomery,
Luxmanor Local Park,Montgomery,
Bucklodge Branch SVP,Montgomery,
South Germantown Recreational Park,Montgomery,
Camp Seneca Special Park,Montgomery,
Kemp Mill Urban Park,Montgomery,
Saddlebrook Local Park,Montgomery,
Ridge Road Recreational Park,Montgomery,
Pennyfield Lock NCA,Montgomery,
Cedar Creek Local Park,Montgomery,
Fountain Hills Local Park,Montgomery,
Waring Station Local Park,Montgomery,
Hyattstown Open Space Special Park,Montgomery,
Maintenance Yard,Montgomery,
Westmoreland Hills Local Park,Montgomery,
Beret NCA,Montgomery,
Harmony Hills Neighborhood Park,Montgomery,
Potomac Community Neighborhood Park,Montgomery,
Upper Portal Park,Montgomery,
Cambria Park,Montgomery,
Belmont Buffer Park,Montgomery,
Capella Park,Montgomery,
Tarrytown Park,Montgomery,
Colesville Manor Neighborhood Park,Montgomery,
Quebec Terrace Neighborhood Park,Montgomery,
New Hampshire Estates Neighborhood Park,Montgomery,
Seek Lane Neighborhood Park,Montgomery,
Upper Long Branch Neighborhood Park,Montgomery,
Ernest Memorial Park,Montgomery,
Strathmore Local Park,Montgomery,
North Gate Local Park,Montgomery,
Aquarius Local Park,Montgomery,
Clarksburg Village North Local Park,Montgomery,
Little Bennett Camping Area,Montgomery,
Wabash Park,Montgomery,
Watts Branch SVU 1,Montgomery,
Kings Local Park,Montgomery,
Little Seneca Reservoir,Montgomery,
Leaman Local Park,Montgomery,
Matthew Henson State Park Unit #4,Montgomery,
Bel Pre Neighborhood Park,Montgomery,
Reinhardt Park,Montgomery,
Howard Avenue Park,Montgomery,
St. Paul Park,Montgomery,
Greenway Village Neighborhood Park,Montgomery,
Damascus Neighborhood Park,Montgomery,
Cabin John SVU 5,Montgomery,
Adventure Conservation Park,Montgomery,
Sligo Avenue Neighborhood Park,Montgomery,
Hefner Park,Montgomery,
Gunner's Lake Local Park,Montgomery,
East-West Highway NCA,Montgomery,
Little Seneca SVU 4,Montgomery,
Joseph Park,Montgomery,
Saint Paul NCA,Montgomery,
Maplewood-Alta Vista Local Park,Montgomery,
Seneca Crossing Local Park,Montgomery,
Highland Stone Neighborhood Park,Montgomery,
Beverly Farms Local Park,Montgomery,
Woodside Urban Park,Montgomery,
Orchard Neighborhood Park,Montgomery,
Leland Neighborhood Park,Montgomery,
Western Grove Urban Park,Montgomery,
Boundary Park NCA,Montgomery,
Willard Avenue Neighborhood Park,Montgomery,
Sangamore Local Park,Montgomery,
Brookmont Neighborhood Park,Montgomery,
Germantown Town Center Urban Park,Montgomery,
Waters Landing Local Park,Montgomery,
North Branch SVU 4,Montgomery,
Broad Run SVP,Montgomery,
Islands of the Potomac WMA,Montgomery,
Fox Chapel Neighborhood Park,Montgomery,
Ten Mile Creek Neighborhood Park,Montgomery,
Ten Mile Creek Conservation Park,Montgomery,
Patuxent River State Park,Montgomery,
Westbard Urban Park,Montgomery,
Goshen Elm Conservation Park,Montgomery,
Centerway Local Park,Montgomery,
Hunters Woods Local Park,Montgomery,
Valleywood Neighborhood Park,Montgomery,
Strawberry Knoll Local Park,Montgomery,
Nike Missile Local Park,Montgomery,
Redland Local Park,Montgomery,
Lillard’s Corner Park,Montgomery,
Gunner's Branch Local Park,Montgomery,
Gunner's Village NCA,Montgomery,
Middlebrook Hill NCA,Montgomery,
Germantown Square Urban Park,Montgomery,
Hastings NCA,Montgomery,
North Four Corners Local Park,Montgomery,
Breewood Neighborhood Park,Montgomery,
Glenmont Local Park,Montgomery,
Georgian Forest Local Park,Montgomery,
Middlevale Neighborhood Park,Montgomery,
Heritage Farm Neighborhood Park,Montgomery,
Avenel Local Park,Montgomery,
Falls Road Local Park,Montgomery,
Fox Hills West Neighborhood Park,Montgomery,
Clum-Kennedy Gardens Park,Montgomery,
Kensington-Frederick Avenue Neighborhood Park,Montgomery,
Flinn Park,Montgomery,
Clearspring Local Park,Montgomery,
Acorn Urban Park,Montgomery,
Mt. Prospect - Hanson Farm Local Park,Montgomery,
Clarkmont SVP,Montgomery,
Royce Hanson Conservation Park,Montgomery,
Eastern Capital Crescent Urban Recreational Park,Montgomery,
Dorothy's Woods,Montgomery,
Bucklodge Conservation Park,Montgomery,
Black Hill Regional Park,Montgomery,
Little Bennett Golf Course,Montgomery,
Little Bennett Regional Park,Montgomery,
Hoyles Mill Conservation Park,Montgomery,
Little Seneca SVU 1,Montgomery,
Boyds Local Park,Montgomery,
Scotland Neighborhood Park,Montgomery,
Rock Creek SVU 1,Montgomery,
Rock Creek SVU 2,Montgomery,
Matthew Henson State Park Unit #1,Montgomery,
Cabin John Regional Park,Montgomery,
Fairview Urban Park,Montgomery,
Fleming Local Park,Montgomery,
Long Branch SVU 1A,Montgomery,
Sligo Creek SVU 3,Montgomery,
Kensington Heights Neighborhood Park,Montgomery,
Piedmont Woods Local Park,Montgomery,
John Haines Neighborhood Park,Montgomery,
Griffith Local Park,Montgomery,
Sligo Cabin Neighborhood Park,Montgomery,
Rock Creek Regional Park,Montgomery,
Watts Branch SVU 4,Montgomery,
Seven Oaks Neighborhood Park,Montgomery,
Broadacres Local Park,Montgomery,
Bennett Creek Conservation Park,Montgomery,
Fairland Recreational Park,Montgomery,
Sligo Creek SVU 4,Montgomery,
Magruder Branch SVU 2,Montgomery,
Sligo Mill NCA,Montgomery,
Fenton Street Urban Park,Montgomery,
King St. Community Garden,Montgomery,
Ridge Road Recreational Park,Montgomery,
Batchellors Forest Local Park,Montgomery,
Wheaton Regional Park,Montgomery,
Tamarack Neighborhood Park,Montgomery,
Paint Branch Neighborhood Park,Montgomery,
Hillandale Local Park,Montgomery,
North Germantown Greenway SVP,Montgomery,
North Branch SVU 3,Montgomery,
Norbeck Meadows Neighborhood Park,Montgomery,
North Branch SVU 2,Montgomery,
Woodstock Equestrian Park,Montgomery,
Gregerscroft Neighborhood Park,Montgomery,
Winding Creek Local Park,Montgomery,
Rock Creek SVU 4,Montgomery,
Upper Paint Branch SVP,Montgomery,
Spencerville Local Park,Montgomery,
Damascus Recreational Park,Montgomery,
Muddy Branch SVU 2,Montgomery,
Becca Lilly Neighborhood Park,Montgomery,
Takoma Park Neighborhood Park,Montgomery,
Wall Local Park,Montgomery,
Ellsworth Urban Park,Montgomery,
Goshen Recreational Park,Montgomery,
Great Seneca SVU 4,Montgomery,
Northwest Branch SVU 7,Montgomery,
Reddy Branch SVU 1,Montgomery,
Sherwood Forest Manor Neighborhood Park,Montgomery,
Potomac Horse Center,Montgomery,
Blunt Road Local Park,Montgomery,
Sligo-Dennis Avenue Local Park,Montgomery,
Arcola Local Park,Montgomery,
Colt Terrace Neighborhood Park,Montgomery,
Sligo Creek SVU 5,Montgomery,
Little Falls SVU 1,Montgomery,
Rock Run SVP,Montgomery,
Sherwood Forest NCA,Montgomery,
Northwest Branch SVU 5,Montgomery,
Potomac Palisades Conservation Park,Montgomery,
Glen Mar Neighborhood Park,Montgomery,
Oak Ridge Conservation Park,Montgomery,
Little Seneca Greenway SVP,Montgomery,
Owens Local Park,Montgomery,
Shady Grove Maintenance Facility,Montgomery,
Brookdale Neighborhood Park,Montgomery,
Bradley Hills NCA,Montgomery,
Takoma-Piney Branch Local Park,Montgomery,
Opal A. Daniels Neighborhood Park,Montgomery,
Takoma Park South Neighborhood Park,Montgomery,
Great Seneca SVU 9,Montgomery,
Rachel Carson Conservation Park,Montgomery,
Great Seneca SVU 8,Montgomery,
Great Seneca SVU 2,Montgomery,
Seven Locks Local Park,Montgomery,
Dartmouth NCA,Montgomery,
Bullis Local Park,Montgomery,
East Silver Spring Urban Park,Montgomery,
Clarkmont SVP,Montgomery,
Rock Creek SVU 5,Montgomery,
Browns Corner NCA,Montgomery,
Calverton-Galway Local Park,Montgomery,
Layhill Village Local Park,Montgomery,
Long Branch SVU 2,Montgomery,
Watts Branch SVU 3,Montgomery,
Glen Echo Park,Montgomery,
Glenmont Forest Park,Montgomery,
Veterans Park,Montgomery,
Locust Hill Neighborhood Park,Montgomery,
Elmhirst Parkway NCA,Montgomery,
Little Falls SVU 2,Montgomery,
Bethesda Swimming Pool,Montgomery,
Rocking Horse Center Community Garden,Montgomery,
North Chevy Chase Local Park,Montgomery,
Kensington Cabin Local Park,Montgomery,
Woodfield Local Park,Montgomery,
Serpentine Barrens Conservation Park - North Unit,Montgomery,
Elgin Park,Montgomery,
Kensington Skate Park,Montgomery,
Cabin Branch SVP,Montgomery,
Rock Creek SVU 3,Montgomery,
Glenmont Greenway Urban Park,Montgomery,
Battery Lane Urban Park,Montgomery,
Long Branch Local Park,Montgomery,
Tanglewood Neighborhood Park,Montgomery,
English Manor Neighborhood Park,Montgomery,
Manor Park NCA,Montgomery,
Paint Branch SVU 6,Montgomery,
Flower Avenue Urban Park,Montgomery,
Montgomery Hills Neighborhood Park,Montgomery,
Chestnut Lodge Park,Montgomery,
Bullards Park And Rose Hill Stream Valley Park,Montgomery,
Welsh Park,Montgomery,
English Court NCA,Montgomery,
Merrimac Neighborhood Park,Montgomery,
Cabin John SVU 1,Montgomery,
Indian Spring Terrace Local Park,Montgomery,
West Fairland Local Park,Montgomery,
Stonecrest NCA,Montgomery,
Derwood Station Neighborhood Park,Montgomery,
Wheaton Headquarters,Montgomery,
Olney Mill Neighborhood Park,Montgomery,
Skate Park At Welsh Park,Montgomery,
Rockmead Park,Montgomery,
Discovery,Montgomery,
Kentlands Mansion,Montgomery,
Market Square,Montgomery,
Wmtc Park,Montgomery,
Dalewood Playground,Montgomery,
Rock Creek SVU 7,Montgomery,
Muncaster Manor Local Park,Montgomery,
Ken-Gar Palisades Local Park,Montgomery,
Randolph Hills Local Park,Montgomery,
Dewey Local Park,Montgomery,
East Norbeck Local Park,Montgomery,
Reddy Branch SVU 3,Montgomery,
Rock Creek SVU 16,Montgomery,
General Getty Neighborhood Park,Montgomery,
Tilden Woods Local Park,Montgomery,
Tilden Woods SVP,Montgomery,
Sligo Creek SVU 1A,Montgomery,
Hillwood Manor Neighborhood Park,Montgomery,
Bonifant NCA,Montgomery,
Layhill Local Park,Montgomery,
Paint Branch SVU 5,Montgomery,
Pilgrim Hills Local Park,Montgomery,
Meadowood Local Park,Montgomery,
Dickerson Conservation Park,Montgomery,
Ten Mile Creek Conservation Park,Montgomery,
Northwest Branch SVU 4,Montgomery,
Carderock Springs NCA,Montgomery,
Jones Mill Road Neighborhood Park,Montgomery,
Piedmont Crossing Local Park,Montgomery,
Sligo-Bennington Neighborhood Park,Montgomery,
Sligo Creek SVU 2,Montgomery,
Forest Grove Neighborhood Park,Montgomery,
South Four Corners Neighborhood Park,Montgomery,
Margaret Schweinhaut Center,Montgomery,
Argyle Local Park,Montgomery,
Parklawn Local Park,Montgomery,
Hawlings River SVP,Montgomery,
Crabbs Branch SVP,Montgomery,
Ray's Meadow Local Park,Montgomery,
Meadowbrook Local Park,Montgomery,
Blockhouse Point Conservation Park,Montgomery,
Matthew Henson State Park Unit #2,Montgomery,
Jean Banks Neighborhood Park,Montgomery,
Silver Spring Transit Plaza Urban Park,Montgomery,
Northwest Branch Golf Course,Montgomery,
Aspen Hill Local Park,Montgomery,
Glen Hills Local Park,Montgomery,
Arora Hills Local Park,Montgomery,
Ovid Hazen Wells Recreational Park,Montgomery,
Unity Neighborhood Park,Montgomery,
Northwest Branch Recreational Park,Montgomery,
Dry Seneca Creek SVU 2,Montgomery,
Northwest Branch SVU 3,Montgomery,
Kemp Mill Estates Local Park,Montgomery,
Leland-Beach Triangle NCA,Montgomery,
Hoyles Mill Village Local Park,Montgomery,
Great Seneca SVU 1,Montgomery,
Cindy Lane Neighborhood Park,Montgomery,
Cabin John SVU 4,Montgomery,
Matthew Henson State Park Unit #3,Montgomery,
Mount Zion Local Park,Montgomery,
North Point NCA,Montgomery,
Laytonia Recreational Park,Montgomery,
Sligo Creek North Neighborhood Park,Montgomery,
Sligo Creek SVU 1,Montgomery,
Dale Drive Neighborhood Park,Montgomery,
Watts Branch SVU 2,Montgomery,
Sligo Golf Course,Montgomery,
Buck Branch SVP,Montgomery,
Mattie J.T. Stepanek Park,Montgomery,
West Woods Forest Reserve,Montgomery,
King Farm Homestead Park,Montgomery,
Muddy Branch SVU 2,Montgomery,
Seneca Creek State Park,Montgomery,
Willet Branch Urban Greenway,Montgomery,
Warner Circle Special Park,Montgomery,
Willet Branch SVP,Montgomery,
Rock Creek SVU 6,Montgomery,
Patuxent River Watershed Conservation Park,Montgomery,
Norbeck-Muncaster Mill Neighborhood Park,Montgomery,
Needwood Golf Course,Montgomery,
Rock Creek SVU 11,Montgomery,
Winter's Run Local Park,Montgomery,
Belle Ziegler Park,Montgomery,
Phyllis Kavanagh Park,Montgomery,
Muddy Branch SVU 3,Montgomery,
Wilma Shelton Bell Park,Montgomery,
Pleasant View Park,Montgomery,
White Flint Civic Green,Montgomery,
C&O Canal National Historical Park,Montgomery,
Rockville Dog Park,Montgomery,
Cabin John Stream Valley Park,Montgomery,
Falls Road Golf Course,Montgomery,
Garrett Park Estates Local Park,Montgomery,
Kelley Park,Montgomery,
Constitution Gardens,Montgomery,
Olde Towne Square,Montgomery,
Victory Farms Park,Montgomery,
Cannon Road Local Park,Montgomery,
Brookview Local Park,Montgomery,
Pinecrest Local Park,Montgomery,
Wembrough Neighborhood Park,Montgomery,
Twinponds NCA,Montgomery,
Somerset  Park,Montgomery,
Dickerson Local Park,Montgomery,
Martin Luther King Jr. Recreational Park,Montgomery,
Hopefield Neighborhood Park,Montgomery,
Miles Road NCA,Montgomery,
Duvall Road NCA,Montgomery,
Fairdale Road NCA,Montgomery,
Columbia Local Park,Montgomery,
Upper Rock Creek Local Park,Montgomery,
Carson Farm Special Park,Montgomery,
Laytonsville Golf Course,Montgomery,
King's Crossing Local Park,Montgomery,
Burning Tree Local Park,Montgomery,
Blueberry Hill Local Park,Montgomery,
Stonehedge Local Park,Montgomery,
Stoneybrook Local Park,Montgomery,
Maydale Conservation Park,Montgomery,
Damascus Wastewater Treatment Plant,Montgomery,
Rock Creek SVU 15,Montgomery,
Callithea Farm Special Park,Montgomery,
Sugarland Special Park,Montgomery,
Brookville Park,Montgomery,
Founders Park,Montgomery,
Gazebo Park,Montgomery,
DPW Water Treatment Facility,Montgomery,
Strider WMA,Montgomery,
Dierssen WMA,Montgomery,
Wheaton Woods Local Park,Montgomery,
Windsor NCA,Montgomery,
Rosemary Triangle Park,Montgomery,
Johnson's Park,Montgomery,
Peach Orchard NCA,Montgomery,
Blohm Park,Montgomery,
Capital Crescent Civic Green,Montgomery,
Jeane Onufry Local Park,Montgomery,
Buck Branch Neighborhood Park,Montgomery,
Flower Hill Local Park,Montgomery,
Great Seneca SVU 6,Montgomery,
Thomas Siegler Historic Site,Montgomery,
Colby Tot Lot,Montgomery,
CIRCLE WOODS,Montgomery,
Wheaton Local Park,Montgomery,
Gene Lynch Urban Park,Montgomery,
Lybrook NCA,Montgomery,
Emory Grove Hills NCA,Montgomery,
Washington Square Neighborhood Park,Montgomery,
Amity Drive Neighborhood Park,Montgomery,
Washington Grove Meadow Conservation Park,Montgomery,
Burtonsville Local Park,Montgomery,
Serpentine Barrens Conservation Park - South Unit,Montgomery,
Greenbriar Local Park,Montgomery,
Promenade Park,Montgomery,
Dalecarlia Reservoir,Montgomery,
Rock Creek SVU 14,Montgomery,
Clarkmont Local Park,Montgomery,
Hyattstown Forest Special Park,Montgomery,
Upper Hawlings River SVP,Montgomery,
Santini Road Local Park,Montgomery,
Forest Park,Montgomery,
Carroll Knolls Local Park,Montgomery,
Newport Mill Local Park,Montgomery,
Pleasant View Local Park,Montgomery,
Muncaster Recreational Park,Montgomery,
Pope Farm Nursery,Montgomery,
Brink Road Community Garden,Montgomery,
Tuckerman NCA,Montgomery,
Glengary Place Park,Montgomery,
Rosemary Circle Park,Montgomery,
Spring Park,Montgomery,
Small Oliver Park,Montgomery,
Memorial Park,Montgomery,
Triadelphia Reservoir,Montgomery,
Zimmerman Park,Montgomery,
Laurel Park,Montgomery,
B.Y. Morrison Park,Montgomery,
Belmont Buffer Park,Montgomery,
Toatley Fraser Park,Montgomery,
Wildcat Branch SVU 1,Montgomery,
Wildcat Branch SVU 3,Montgomery,
Inverness Forest NCA,Montgomery,
Stratton Local Park,Montgomery,
Wyngate Woods Neighborhood Park,Montgomery,
Fernwood Local Park,Montgomery,
Moyer Road Local Park,Montgomery,
Seneca Springs Local Park,Montgomery,
Olney Manor Recreational Park,Montgomery,
Cherrywood Local Park,Montgomery,
Southeast Olney Local Park,Montgomery,
Cashell Neighborhood Park,Montgomery,
Malcolm King Park,Montgomery,
Morris Park,Montgomery,
Rosemont Stream Valley Park,Montgomery,
Casey Community Center,Montgomery,
Summerfield Park,Montgomery,
Christman Park,Montgomery,
Walder Park,Montgomery,
McKnew Conservation Park,Montgomery,
McKnew Local Park,Montgomery,
Little Bennett Creek SVP,Montgomery,
Olney Acres Neighborhood Park,Montgomery,
Olney Square Neighborhood Park,Montgomery,
McKee-Beshers WMA,Montgomery,
Hubert Humphrey Friendship Park,Montgomery,
International Lattitude Observatory Park,Montgomery,
Open Space,Montgomery,
Mineral Springs NCA,Montgomery,
Mill Creek SVP,Montgomery,
Mill Creek Towne Local Park,Montgomery,
Edgewood Neighborhood Park,Montgomery,
Washingtonian Woods Park,Montgomery,
Boxwood Park,Montgomery,
Jackson Boyd Park,Montgomery,
CIRCLE WOODS,Montgomery,
CIRCLE WOODS,Montgomery,
Newlands Park,Montgomery,
Willoughby Park,Montgomery,
Longwood Local Park,Montgomery,
Muddy Branch Park,Montgomery,
Arctic NCA,Montgomery,
Philadelphia Avenue Urban Park,Montgomery,
Germantown East Local Park,Montgomery,
William Tyler Page Park,Montgomery,
WSSC Filtration Plant,Montgomery,
Lakelands Stream Valley Park,Montgomery,
Seneca Landing Special Park,Montgomery,
Berryville Road NCA,Montgomery,
Darnestown Local Park,Montgomery,
Hillmead Neighborhood Park,Montgomery,
Ayrlawn Local Park,Montgomery,
Daley Lane Park,Montgomery,
Maiden Lane Urban Park,Montgomery,
Whittier Woods Local Park,Montgomery,
Princeton Avenue Park,Montgomery,
Valley Mill Special Park,Montgomery,
Red Door Store Historical/Cultural Park,Montgomery,
Lake Varuna Park,Montgomery,
NIKE Missle Park,Montgomery,
Crown Woods,Montgomery,
Green Park,Montgomery,
Greenwood Local Park,Montgomery,
Manor Oaks Local Park,Montgomery,
Darnestown Heritage Park,Montgomery,
Muddy Branch SVU 1,Montgomery,
Aberdeen Local Park,Montgomery,
Dufief Local Park,Montgomery,
Open Space,Montgomery,
Glen Echo Heights Neighborhood Park,Montgomery,
Cedar Island Conservation Park,Montgomery,
Cross Creek Club Local Park,Montgomery,
Calverton NCA,Montgomery,
Woodlawn Manor Cultural Park,Montgomery,
Ednor Local Park,Montgomery,
Good Hope Local Park,Montgomery,
Cloverly Local Park,Montgomery,
Olney Family Neighborhood Park,Montgomery,
Reddy Branch SVU 2,Montgomery,
"Public Works, Parks, Maintenance, & Engineering",Montgomery,
Open Space,Montgomery,
WSSC Avenel Site,Montgomery,
Large Oliver Park,Montgomery,
College View Neighborhood Park,Montgomery,
Wheaton Forest Local Park,Montgomery,
Glen Haven Neighborhood Park,Montgomery,
Evans Parkway Neighborhood Park,Montgomery,
Blair Local Park,Montgomery,
Laytonsville Local Park,Montgomery,
Sundown Road Local Park,Montgomery,
Robertson Park,Montgomery,
Diamond Farms Park,Montgomery,
SWM Facility,Montgomery,
Kentlands Elementary School Plaque,Montgomery,
Tobytown Neighborhood Park,Montgomery,
Rock Creek SVU 12,Montgomery,
Bowie Mill Local Park,Montgomery,
Countryside Neighborhood Park,Montgomery,
Colesville Local Park,Montgomery,
Chevy Chase Local Park,Montgomery,
Parkland Local Park,Montgomery,
Triadelphia Reservoir,Montgomery,
Flower Valley Neighborhood Park,Montgomery,
Darby Store Cultural Park,Montgomery,
Peachwood Neighborhood Park,Montgomery,
Paint Branch SVU 4,Montgomery,
Cabin John SVU 6,Montgomery,
FLYING POINT PARK,Harford,
GUNPOWDER STATE PARK,Harford,
HARFORD GLEN,Harford,
EDGEWATER VILLAGE PARK,Harford,
EDGEWOOD RECREATION & COMMUNITY CENTER,Harford,
EDGEWATER VILLAGE PARK,Harford,
EDGEWATER VILLAGE PARK,Harford,
EDGEWATER VILLAGE PARK,Harford,
MOUNTAIN ROAD PARK,Harford,
FLYING POINT PARK,Harford,
ALICE & WILLIAM LONGLEY PARK,Harford,
BYNUM RUN CONSERVATION AREA BROADVIEW,Harford,
EDGEWOOD RECREATION PARK,Harford,
EDGEWOOD RECREATION PARK,Harford,
ANITA C. LEIGHT ESTUARY CENTER,Harford,
ANITA C. LEIGHT ESTUARY CENTER,Harford,
ANITA C. LEIGHT ESTUARY CENTER,Harford,
CEDAR LANE PARK REGIONAL FIELD SPORTS COMPLEX,Harford,
ANITA C. LEIGHT ESTUARY CENTER,Harford,
WILLOUGHBY BEACH PARK,Harford,
GUNPOWDER STATE PARK,Harford,
GUNPOWDER STATE PARK,Harford,
WINTERS RUN GREENWAY PHILADELPHIA ROAD,Harford,
GUNPOWDER STATE PARK,Harford,
BUSH DECLARATION,Harford,
GUNPOWDER STATE PARK,Harford,
GUNPOWDER STATE PARK,Harford,
GUNPOWDER STATE PARK,Harford,
GUNPOWDER STATE PARK,Harford,
GUNPOWDER STATE PARK,Harford,
GUNPOWDER STATE PARK,Harford,
GUNPOWDER STATE PARK,Harford,
GUNPOWDER STATE PARK,Harford,
GUNPOWDER STATE PARK,Harford,
GUNPOWDER STATE PARK,Harford,
GUNPOWDER STATE PARK,Harford,
GUNPOWDER STATE PARK,Harford,
GUNPOWDER STATE PARK,Harford,
GUNPOWDER STATE PARK,Harford,
GUNPOWDER STATE PARK,Harford,
GUNPOWDER STATE PARK,Harford,
GUNPOWDER STATE PARK,Harford,
GUNPOWDER STATE PARK,Harford,
GUNPOWDER STATE PARK,Harford,
GUNPOWDER STATE PARK,Harford,
GUNPOWDER STATE PARK,Harford,
BUSH DECLARATION,Harford,
BUSH DECLARATION,Harford,
BUSH DECLARATION,Harford,
BUSH DECLARATION,Harford,
GUNPOWDER STATE PARK,Harford,
ROBERT COPENHAVER PARK,Harford,
ROBERT COPENHAVER PARK,Harford,
ERWIN DRIVE PARK,Harford,
CHELL ROAD TOT LOT,Harford,
BARKSDALE PARK,Harford,
GUNPOWDER STATE PARK,Harford,
GUNPOWDER STATE PARK,Harford,
GUNPOWDER STATE PARK,Harford,
GUNPOWDER STATE PARK,Harford,
GUNPOWDER STATE PARK,Harford,
GUNPOWDER STATE PARK,Harford,
GUNPOWDER STATE PARK,Harford,
GUNPOWDER STATE PARK,Harford,
GUNPOWDER STATE PARK,Harford,
GUNPOWDER STATE PARK,Harford,
GUNPOWDER STATE PARK,Harford,
GUNPOWDER STATE PARK,Harford,
GUNPOWDER STATE PARK,Harford,
GUNPOWDER STATE PARK,Harford,
GUNPOWDER STATE PARK,Harford,
GUNPOWDER STATE PARK,Harford,
GUNPOWDER STATE PARK,Harford,
GUNPOWDER STATE PARK,Harford,
GUNPOWDER STATE PARK,Harford,
GUNPOWDER STATE PARK,Harford,
GUNPOWDER STATE PARK,Harford,
GUNPOWDER STATE PARK,Harford,
GUNPOWDER STATE PARK,Harford,
GUNPOWDER STATE PARK,Harford,
GUNPOWDER STATE PARK,Harford,
GUNPOWDER STATE PARK,Harford,
GUNPOWDER STATE PARK,Harford,
EMMORTON RECREATION & TENNIS CENTER,Harford,
BUSH DECLARATION,Harford,
WINTERS RUN CONSERVATION AREA OAKS OF HARFORD,Harford,
WINTERS RUN CONSERVATION AREA OAKS OF HARFORD,Harford,
OTTER POINT LANDING,Harford,
WINTERS RUN GREENWAY PHILADELPHIA ROAD,Harford,
WOODBRIDGE PARK,Harford,
BYNUM RUN CONSERVATION AREA HOOKERS MILL,Harford,
BYNUM RUN CONSERVATION AREA HOOKERS MILL,Harford,
BYNUM RUN CONSERVATION AREA HOOKERS MILL,Harford,
CLAYTON ROAD CONSERVATION AREA,Harford,
BELCAMP PARK,Harford,
BOX HILL SOUTH RECREATION PARK,Harford,
WINTERS RUN CONSERVATION AREA (SINGER ROAD PARK),Harford,
BYNUM RUN CONSERVATION AREA PATTERSON MILL,Harford,
CEDAR LANE PARK REGIONAL FIELD SPORTS COMPLEX,Harford,
EMMORTON PARK,Harford,
EMMORTON PARK,Harford,
WINTERS RUN GREENWAY WINTERS RUN MANOR,Harford,
WINTERS RUN GREENWAY WINTERS RUN MANOR,Harford,
BYNUM RUN CONSERVATION AREA CEDARDAY,Harford,
GUNPOWDER STATE PARK,Harford,
WINTERS RUN GREENWAY PHILADELPHIA ROAD,Harford,
ANITA C. LEIGHT ESTUARY CENTER,Harford,
ANITA C. LEIGHT ESTUARY CENTER,Harford,
HOLLYWOODS,Harford,
WINTERS RUN GREENWAY,Harford,
WINTERS RUN GREENWAY,Harford,
WINTERS RUN GREENWAY,Harford,
BUSH DECLARATION,Harford,
EMILY BAYLISS GRAHAM PARK,Harford,
A.B. DEMARCO MEMORIAL PARK,Harford,
VETERAN'S PARK,Harford,
PLATER STREET PARK,Harford,
NORTH DEEN PARK,Harford,
SUSQUEHANNA STATE PARK,Harford,
FOREST GREENS,Harford,
CHAPEL ROAD PARK,Harford,
ALFRED B. HILTON PARK,Harford,
PERRYMAN PARK,Harford,
SUSQUEHANNA STATE PARK,Harford,
SUSQUEHANNA STATE PARK,Harford,
ABERDEEN FAMILY SWIM CENTER,Harford,
SUSQUEHANNA STATE PARK,Harford,
SUSQUEHANNA STATE PARK,Harford,
FOREST GREENS,Harford,
SUSQUEHANNA STATE PARK,Harford,
SUSQUEHANNA STATE PARK,Harford,
SUSQUEHANNA STATE PARK,Harford,
SUSQUEHANNA STATE PARK,Harford,
SUSQUEHANNA STATE PARK,Harford,
SUSQUEHANNA STATE PARK,Harford,
SUSQUEHANNA STATE PARK,Harford,
SUSQUEHANNA STATE PARK,Harford,
SUSQUEHANNA STATE PARK,Harford,
SUSQUEHANNA STATE PARK,Harford,
SUSQUEHANNA STATE PARK,Harford,
SUSQUEHANNA STATE PARK,Harford,
SUSQUEHANNA STATE PARK,Harford,
SUSQUEHANNA STATE PARK,Harford,
SUSQUEHANNA STATE PARK,Harford,
SUSQUEHANNA STATE PARK,Harford,
SUSQUEHANNA STATE PARK,Harford,
SUSQUEHANNA STATE PARK,Harford,
SUSQUEHANNA STATE PARK,Harford,
SUSQUEHANNA STATE PARK,Harford,
SUSQUEHANNA STATE PARK,Harford,
SUSQUEHANNA STATE PARK,Harford,
SUSQUEHANNA STATE PARK,Harford,
SUSQUEHANNA STATE PARK,Harford,
SUSQUEHANNA STATE PARK,Harford,
SUSQUEHANNA STATE PARK,Harford,
SUSQUEHANNA STATE PARK,Harford,
SUSQUEHANNA STATE PARK,Harford,
SUSQUEHANNA STATE PARK,Harford,
SUSQUEHANNA STATE PARK,Harford,
SUSQUEHANNA STATE PARK,Harford,
SUSQUEHANNA STATE PARK,Harford,
SUSQUEHANNA STATE PARK,Harford,
SUSQUEHANNA STATE PARK,Harford,
SUSQUEHANNA STATE PARK,Harford,
SUSQUEHANNA STATE PARK,Harford,
SUSQUEHANNA STATE PARK,Harford,
SUSQUEHANNA STATE PARK,Harford,
SUSQUEHANNA STATE PARK,Harford,
SUSQUEHANNA STATE PARK,Harford,
SUSQUEHANNA STATE PARK,Harford,
SUSQUEHANNA STATE PARK,Harford,
SUSQUEHANNA STATE PARK,Harford,
SUSQUEHANNA STATE PARK,Harford,
SUSQUEHANNA STATE PARK,Harford,
SUSQUEHANNA STATE PARK,Harford,
SUSQUEHANNA STATE PARK,Harford,
FOREST GREENS,Harford,
SUSQUEHANNA STATE PARK,Harford,
SUSQUEHANNA STATE PARK,Harford,
SUSQUEHANNA STATE PARK,Harford,
SUSQUEHANNA STATE PARK,Harford,
SUSQUEHANNA STATE PARK,Harford,
PERRYMAN PARK,Harford,
TWIN OAKS PARK,Harford,
PERRYMAN PARK,Harford,
ROCK GLENN PARK,Harford,
SWAN MEADOWS PARK,Harford,
SHAMROCK PARK,Harford,
AQUILA SCOTT PARK,Harford,
ALICE ANNE PARK,Harford,
HOMESTEAD PARK,Harford,
HOWARD PARK (PLUMTREE PARK),Harford,
HEAVENLY WATERS PARK,Harford,
BLAKES VENTURE PARK,Harford,
RECKORD ROAD PARK,Harford,
GUNPOWDER STATE PARK,Harford,
PROSPECT MILL PARK,Harford,
TUDOR HALL,Harford,
GUNPOWDER STATE PARK,Harford,
FRIENDS PARK,Harford,
OLD FIELDS PARK,Harford,
CHURCHVILLE RECREATION COMPLEX,Harford,
HEAVENLY WATERS PARK,Harford,
HEAVENLY WATERS PARK,Harford,
HEAVENLY WATERS PARK,Harford,
FALLSTON RECREATION COMPLEX,Harford,
FOREST HILL RECREATION COMPLEX,Harford,
FOREST HILL RECREATION COMPLEX,Harford,
DEER CREEK CONSERVATION AREA SANDY HOOK,Harford,
ROCKFIELD PARK,Harford,
HEAVENLY WATERS PARK,Harford,
OAK RIDGE PARK,Harford,
EDGELEY GROVE FARM,Harford,
PALMER STATE PARK,Harford,
BYNUM RUN PARK,Harford,
GUNPOWDER STATE PARK,Harford,
GUNPOWDER STATE PARK,Harford,
GUNPOWDER STATE PARK,Harford,
GUNPOWDER STATE PARK,Harford,
GUNPOWDER STATE PARK,Harford,
GUNPOWDER STATE PARK,Harford,
GUNPOWDER STATE PARK,Harford,
GUNPOWDER STATE PARK,Harford,
GUNPOWDER STATE PARK,Harford,
GUNPOWDER STATE PARK,Harford,
GUNPOWDER STATE PARK,Harford,
GUNPOWDER STATE PARK,Harford,
GUNPOWDER STATE PARK,Harford,
GUNPOWDER STATE PARK,Harford,
GUNPOWDER STATE PARK,Harford,
PALMER STATE PARK,Harford,
PALMER STATE PARK,Harford,
FRIENDS PARK,Harford,
GUNPOWDER STATE PARK,Harford,
GUNPOWDER STATE PARK,Harford,
GUNPOWDER STATE PARK,Harford,
GUNPOWDER STATE PARK,Harford,
GUNPOWDER STATE PARK,Harford,
GUNPOWDER STATE PARK,Harford,
GUNPOWDER STATE PARK,Harford,
GUNPOWDER STATE PARK,Harford,
GUNPOWDER STATE PARK,Harford,
GUNPOWDER STATE PARK,Harford,
GUNPOWDER STATE PARK,Harford,
GUNPOWDER STATE PARK,Harford,
GUNPOWDER STATE PARK,Harford,
GUNPOWDER STATE PARK,Harford,
GUNPOWDER STATE PARK,Harford,
GUNPOWDER STATE PARK,Harford,
GUNPOWDER STATE PARK,Harford,
GUNPOWDER STATE PARK,Harford,
GUNPOWDER STATE PARK,Harford,
GUNPOWDER STATE PARK,Harford,
STONEY FOREST,Harford,
GUNPOWDER STATE PARK,Harford,
FRIENDS PARK,Harford,
DEER CREEK CONSERVATION AREA WALTERS MILL,Harford,
HICKORY PARK,Harford,
SCHUCKS ROAD REGIONAL SPORTS COMPLEX,Harford,
BENSON FIELDS (EDGELEY GROVE),Harford,
VALE ROAD PARK,Harford,
MAJORS CHOICE PARK,Harford,
MAJORS CHOICE PARK,Harford,
HEAVENLY WATERS PARK,Harford,
FRIENDS PARK,Harford,
PROSPECT MILL PARK,Harford,
ROCKFIELD PARK,Harford,
GUNPOWDER STATE PARK,Harford,
HEAVENLY WATERS PARK,Harford,
HEAVENLY WATERS PARK,Harford,
HEAVENLY WATERS PARK,Harford,
HEAVENLY WATERS PARK,Harford,
HEAVENLY WATERS PARK,Harford,
CHURCHVILLE RECREATION COMPLEX,Harford,
CHURCHVILLE RECREATION COMPLEX,Harford,
HEAVENLY WATERS PARK,Harford,
BLAKES VENTURE PARK,Harford,
FOREST HILL/HICKORY ACTIVITIES CENTER,Harford,
WILLIAM N. MCFAUL ACTIVITY CENTER,Harford,
LYN STACIE GETZ CREATIVE PLAYGROUND,Harford,
OAK RIDGE PARK,Harford,
EDGELEY GROVE FARM,Harford,
WADE R. TUCKER II MEMORIAL FOOTBALL FIELDS,Harford,
SADDLEVIEW CONSERVATION AREA,Harford,
SADDLEVIEW CONSERVATION AREA,Harford,
GRAYBEAL FIELDS,Harford,
OLD FIELDS PARK,Harford,
PARKER CONSERVATION AREA,Harford,
FALLING BRANCH,Harford,
FALLING BRANCH,Harford,
FALLING BRANCH,Harford,
FALLING BRANCH,Harford,
PARKER CONSERVATION AREA,Harford,
EDEN MILL NATURE CENTER & PARK,Harford,
ROCKS STATE PARK,Harford,
FALLING BRANCH,Harford,
FALLING BRANCH,Harford,
DR. JAMES B. RUTLEDGE MEMORIAL PARK,Harford,
FALLING BRANCH,Harford,
NORRISVILLE LIBRARY& RECREATION CENTER,Harford,
GUNPOWDER STATE PARK,Harford,
GUNPOWDER STATE PARK,Harford,
GUNPOWDER STATE PARK,Harford,
GUNPOWDER STATE PARK,Harford,
GUNPOWDER STATE PARK,Harford,
GUNPOWDER STATE PARK,Harford,
GUNPOWDER STATE PARK,Harford,
GUNPOWDER STATE PARK,Harford,
GUNPOWDER STATE PARK,Harford,
ROCKS STATE PARK,Harford,
ROCKS STATE PARK,Harford,
ROCKS STATE PARK,Harford,
GUNPOWDER STATE PARK,Harford,
ROCKS STATE PARK,Harford,
ROCKS STATE PARK,Harford,
GUNPOWDER STATE PARK,Harford,
GUNPOWDER STATE PARK,Harford,
GUNPOWDER STATE PARK,Harford,
ROCKS STATE PARK,Harford,
EDEN MILL NATURE CENTER & PARK,Harford,
PARKER CONSERVATION AREA,Harford,
NORRISVILLE LIBRARY& RECREATION CENTER,Harford,
JARRETTSVILLE FOX MEADOW,Harford,
JARRETTSVILLE REC CENTER,Harford,
JARRETTSVILLE REC CENTER,Harford,
GUNPOWDER STATE PARK,Harford,
EDEN MILL NATURE CENTER & PARK,Harford,
HIGHLAND PARK,Harford,
PALMER STATE PARK,Harford,
SCARBORO PARK,Harford,
DEER CREEK CONSERVATION AREA ROUTE 1 AT DEER CREEK,Harford,
LINE BRIDGE LANDING,Harford,
FRANCIS SILVER PARK,Harford,
EMMA ROCKEY PARK,Harford,
DEER CREEK CONSERVATION AREA HARMONY CHURCH,Harford,
SCARBORO HILLS DISC GOLF COURSE,Harford,
PALMER STATE PARK,Harford,
SUSQUEHANNA STATE PARK,Harford,
ROCKS STATE PARK,Harford,
ROCKS STATE PARK,Harford,
ROCKS STATE PARK,Harford,
DARLINGTON GATEWAY PARK,Harford,
SUSQUEHANNA STATE PARK,Harford,
SUSQUEHANNA STATE PARK,Harford,
PALMER STATE PARK,Harford,
DUBLIN PARK,Harford,
MULLINS PARK,Harford,
SWAN HARBOR FARM,Harford,
ELEANOR & MILLARD TYDINGS PARK,Harford,
BATTERY VILLAGE PARK,Harford,
BATTERY VILLAGE PARK,Harford,
BATTERY VILLAGE PARK,Harford,
BATTERY VILLAGE PARK,Harford,
BATTERY VILLAGE PARK,Harford,
BATTERY VILLAGE PARK,Harford,
BATTERY VILLAGE PARK,Harford,
BATTERY VILLAGE PARK,Harford,
BATTERY VILLAGE PARK,Harford,
BATTERY VILLAGE PARK,Harford,
BATTERY VILLAGE PARK,Harford,
BATTERY VILLAGE PARK,Harford,
BATTERY VILLAGE PARK,Harford,
BATTERY VILLAGE PARK,Harford,
BATTERY VILLAGE PARK,Harford,
BATTERY VILLAGE PARK,Harford,
BATTERY VILLAGE PARK,Harford,
BATTERY VILLAGE PARK,Harford,
BATTERY VILLAGE PARK,Harford,
HAVRE DE GRACE ACTIVITY CENTER,Harford,
DAVID CRAIG PARK,Harford,
JEAN S. ROBERTS MEMORIAL PARK,Harford,
HAVRE DE GRACE PROMENADE,Harford,
OLD BAY LANE PARK (STANCILL),Harford,
TYDINGS PARK,Harford,
HAVRE DE GRACE PROMENADE,Harford,
MULLINS PARK,Harford,
HAVRE DE GRACE PROMENADE,Harford,
HAVRE DE GRACE COMMUNITY CENTER,Harford,
SWAN HARBOR FARM,Harford,
OLD BAY LANE PARK (STANCILL),Harford,
HEAVENLY WATERS PARK,Harford,
GUNPOWDER STATE PARK,Harford,
GUNPOWDER STATE PARK,Harford,
BROAD CREEK PUBLIC LANDING,Harford,
DEER CREEK CONSERVATION AREA ST. ANNE,Harford,
DEER CREEK CONSERVATION AREA WALTERS MILL,Harford,
FRANK J. HUTCHINS MEMORIAL PARK,Harford,
GUNPOWDER STATE PARK,Harford,
HAVRE DE GRACE PROMENADE,Harford,
JARRETTSVILLE RECREATION COMPLEX,Harford,
MARINER POINT PARK,Harford,
NORTH/MCELHINNEY PARK,Harford,
SOMERSET MANOR,Harford,
SUSQUEHANNA STATE PARK,Harford,
SUSQUEHANNA STATE PARK,Harford,
SUSQUEHANNA STATE PARK,Harford,
SUSQUEHANNA STATE PARK,Harford,
SUSQUEHANNA STATE PARK,Harford,
VICTORY STREET PARK,Harford,
WILLOUGHBY BEACH PUBLIC LANDING,Harford,
TODD FIELD,Harford,
GUNPOWDER STATE PARK,Harford,
COMMUNITY SERVICES BUILDING,Harford,
ABERDEEN FESTIVAL PARK,Harford,
DUBLIN DELL,Harford,
Bacon Ridge Natural Area & Mountain Bike Trail ,Anne Arundel,
Jug Bay Wetlands Sanctuary ,Anne Arundel,
Magothy Greenway Natural Area,Anne Arundel,
Patuxent Oxbow Natural Area,Anne Arundel,
Farmhouse Museum at Kinder Farm Park,Anne Arundel,
Historic Hancock Resolution,Anne Arundel,
Historic London Town & Gardens ,Anne Arundel,
Hot Sox Field at Wilson Park ,Anne Arundel,
Linthicum Walks,Anne Arundel,
B&A Trail,Anne Arundel,
Jonas and Anne Catharine Green Park (Trail HQ),Anne Arundel,
South Shore Trail,Anne Arundel,
Broadneck Trail,Anne Arundel,
BWI Trail,Anne Arundel,
WB&A Trail,Anne Arundel,
Battie Mixon Fishing Pond,Allegany,
C&O Canal National Historical Park and Towpath,Allegany,
C&O Canal National Historical Park Museum and Visitor Center,Allegany,
Constitution Park,Allegany,
Cranesville Swamp Preserve,Allegany,
Dans Mountain State Park,Allegany,
Dans Mountain Swimming Pool,Allegany,
Finzel Swamp Preserve,Allegany,
Great Eastern Trail,Allegany,
Green Ridge State Forest,Allegany,
Hoffman Park Disc Golf Course,Allegany,
Lake Habeeb,Allegany,
Rocky Gap State Park,Allegany,
Rocky Gap State Park Aviary,Allegany,
Rocky Gap State Park Campgrounds,Allegany,
Sideling Hill Creek State Park,Allegany,
Christ Rock Park,Dorchester,
Egypt Road Park,Dorchester,
Glasgow Tennis Courts,Dorchester,
Hurlock Athletic Complex,Dorchester,
J. Edward Walter Park,Dorchester,
McCarter Park,Dorchester,
School Street Athletic Fields,Dorchester,
Dorchester County Pool,Dorchester,
Sandy Hill Elementary,Dorchester,
Hurlock Elementary,Dorchester,
Church Creek Fire Hall,Dorchester,
38th Avenue Park,Prince George's,
47th Avenue Park,Prince George's,
Abbott Drive Park,Prince George's,
Accokeek East Park,Prince George's,
Accokeek Park,Prince George's,
Acredale Park,Prince George's,
Adelphi Manor Community Park,Prince George's,
Adelphi Park,Prince George's,
"Allentown Splash, Tennis, and Fitness Park",Prince George's,
Anacostia River SVP (Tanglewood Drive),Prince George's,
Aquasco Farm,Prince George's,
Arbor Park,Prince George's,
Auth Village Park,Prince George's,
Avondale Park,Prince George's,
Back Branch Stream Valley Park,Prince George's,
Bald Hill Stream Valley Park,Prince George's,
Bedford Park,Prince George's,
Beechtree West Park,Prince George's,
Bell Acres Park,Prince George's,
Beltsville North Park,Prince George's,
Beltsville West Park,Prince George's,
Bentley Park,Prince George's,
Berwyn Heights Park,Prince George's,
Berwyn Heights Sports Park,Prince George's,
Berwyn Park,Prince George's,
Betty Blume Park,Prince George's,
Birchleaf Park,Prince George's,
Bladensburg Waterfront Park,Prince George's,
Booker T. Homes Park,Prince George's,
Brandywine-North Keys Park,Prince George's,
Brentwood-Volta Park,Prince George's,
Browning's Grove Park,Prince George's,
Buck Lodge Park,Prince George's,
Calvert Park,Prince George's,
Calverton Park,Prince George's,
Cambridge Estates Park,Prince George's,
Camelot Park,Prince George's,
Camp Springs Park,Prince George's,
Canterbury Estates Park,Prince George's,
Capitol Heights Park,Prince George's,
Capitol Heights South Park,Prince George's,
Captain's Cove Park,Prince George's,
Carsondale Park,Prince George's,
Cedar Haven Natural Area,Prince George's,
Cedar Heights Park,Prince George's,
Cheltenham Park,Prince George's,
Cheltenham Woods Park,Prince George's,
Cherry Hill Community Park,Prince George's,
Cherry Hill Park,Prince George's,
Cherryvale Park,Prince George's,
Chestnut Hills Park,Prince George's,
Cheverly-East Park,Prince George's,
Cheverly-Euclid Street Park,Prince George's,
Chillum Hills Park,Prince George's,
Chillum Park,Prince George's,
Clyde Watson Boating Area,Prince George's,
College Park Dog Park (Acredale Community Park),Prince George's,
College Park Woods Park,Prince George's,
Collington Branch Stream Valley Park,Prince George's,
Collington Station Park,Prince George's,
Colmar Manor Park,Prince George's,
Connemara Park,Prince George's,
Contee Road Park,Prince George's,
Cosca Regional Park,Prince George's,
Cottage City Park,Prince George's,
Crittenden Street Park,Prince George's,
Cross Creek Park,Prince George's,
Daisy Lane Park,Prince George's,
Deanwood Park,Prince George's,
Dillon Park,Prince George's,
Dinosaur Park,Prince George's,
Dodge Park,Prince George's,
Douglas Patterson Park,Prince George's,
Dupont Heights Park,Prince George's,
Edgefield Drive Park,Prince George's,
Enfield Chase Park,Prince George's,
Enterprise Estates Park,Prince George's,
Enterprise Golf Course,Prince George's,
Enterprise Park,Prince George's,
Fairhaven Park,Prince George's,
Fairwood Park,Prince George's,
Fletcher's Field Park,Prince George's,
Folly Branch Stream Valley Park,Prince George's,
Forest Heights Park,Prince George's,
Fort Washington Forest Park,Prince George's,
Fox Run Park,Prince George's,
Foxchase Park,Prince George's,
Foxhill Park,Prince George's,
Fran Uhler Park,Prince George's,
Gardens Ice House,Prince George's,
Gardner Canoe Launch,Prince George's,
Gaywood Park,Prince George's,
Glenn Dale Park,Prince George's,
Glenridge Park,Prince George's,
Glenwood Park,Prince George's,
Good Luck Estates Park,Prince George's,
Governor Bridge Natural Area,Prince George's,
Green Branch Athletic Complex,Prince George's,
Gwynn Park High School Athletic Field,Prince George's,
Hamilton Park,Prince George's,
Hansel and Gretel Park,Prince George's,
Hartman-Berkshire Park,Prince George's,
Heather Hills Park,Prince George's,
Henry P. Johnson Park,Prince George's,
Henson Creek Golf Course,Prince George's,
Henson Creek Park,Prince George's,
Henson Creek Stream Valley Park,Prince George's,
Heritage Cove Special Use Area,Prince George's,
Heritage Glen Park,Prince George's,
Heurich Park,Prince George's,
Highbridge Park,Prince George's,
Highland Gardens Park,Prince George's,
Highland Park,Prince George's,
Hillantrae Park,Prince George's,
Holloway Estates Park,Prince George's,
Hollywood Park,Prince George's,
Holmehurst Park,Prince George's,
Holmehurst West Park,Prince George's,
Horsepen Park,Prince George's,
Huntington North Park,Prince George's,
Huntington South Park,Prince George's,
Hutchinson Commons Park,Prince George's,
Hyatt Park,Prince George's,
Hyattsville-Dietz Park,Prince George's,
Indian Creek Stream Valley Park,Prince George's,
J. Frank Dent Park,Prince George's,
J. Franklin Bourne Memorial Pool,Prince George's,
John Carroll Park,Prince George's,
Joyceton Drive Park,Prince George's,
Jug Bay Natural Area,Prince George's,
Junior Tennis Champions Center,Prince George's,
K. Della Underwood Park,Prince George's,
Kenilworth Roadside Park,Prince George's,
Kentland Dog Park,Prince George's,
Kettering Park,Prince George's,
King's Grant Park,Prince George's,
Kingsford Park,Prince George's,
Kirkwood Park,Prince George's,
Lake Artemesia Park,Prince George's,
Lakeland Park,Prince George's,
Landover Hills Park,Prince George's,
Lane Manor Splash Park,Prince George's,
Langley-Hampshire Park,Prince George's,
Lanham Forest Park,Prince George's,
Largo Town Center Park,Prince George's,
Largo-Northampton Park,Prince George's,
Lewisdale Park,Prince George's,
Lincoln-Vista Park,Prince George's,
Little Paint Branch Stream Valley Park,Prince George's,
Little Washington Park,Prince George's,
Madison Hill Park,Prince George's,
Marlboro Meadows Park,Prince George's,
Marleigh Park,Prince George's,
Marlow Heights Park,Prince George's,
Marlton Park,Prince George's,
Meadowbrook Park,Prince George's,
Mellwood Hills Park,Prince George's,
Mellwood Pond Park,Prince George's,
Melrose Park,Prince George's,
Melwood Park,Prince George's,
Michael J. Polley Park,Prince George's,
Michigan Park Hills Park,Prince George's,
Mitchellville South Park,Prince George's,
Montpelier Park,Prince George's,
Mt. Rainier 30th Street Park,Prince George's,
Mt. Rainier South Park,Prince George's,
Mt. Rainier-Upshur Park,Prince George's,
Muirkirk South Park,Prince George's,
Muirkirk West Park,Prince George's,
New Orchard Park,Prince George's,
New Town Park,Prince George's,
Newark Road Park,Prince George's,
Newton Street Park,Prince George's,
North Barnaby Park,Prince George's,
North Brentwood Memorial Garden,Prince George's,
North Brentwood Park,Prince George's,
North Forestville Mini Park,Prince George's,
North Oak Court Park,Prince George's,
Northampton Historic Site,Prince George's,
Northampton Park,Prince George's,
Northgate Urban Park,Prince George's,
Northridge Park,Prince George's,
Northwest Branch Stream Valley Park,Prince George's,
Oak Creek West Park,Prince George's,
Oaklawn Park,Prince George's,
Oaklyn Park,Prince George's,
Oaktree Park,Prince George's,
Old Chapel Park,Prince George's,
Old Fort Hills Park,Prince George's,
Old Landover Hills Park,Prince George's,
Old Maryland Farm,Prince George's,
Old Port of Bladensburg Park,Prince George's,
Oxon Run Park,Prince George's,
Paint Branch Parkway Park,Prince George's,
Paint Branch Stream Valley Park I & II,Prince George's,
Paint Branch Stream Valley Park III,Prince George's,
Park Berkshire Park,Prince George's,
Parklawn Park,Prince George's,
Patuxent River Park,Prince George's,
Pheasant Run Park,Prince George's,
Pointer Ridge Park,Prince George's,
Pointer Ridge South Park (Jack & Jill),Prince George's,
Potomac River Waterfront Park,Prince George's,
Powder Mill Park,Prince George's,
Presley Manor Park,Prince George's,
Queen Anne Bridge Fishing Area,Prince George's,
Queenstown Park,Prince George's,
Realtors Park at Campus Woods,Prince George's,
Regent Forest Park,Prince George's,
Riggs Manor Park,Prince George's,
Riverdale Park,Prince George's,
Riverdale Road Park,Prince George's,
Riverside Drive Park,Prince George's,
Riverview Park,Prince George's,
Robert Yost Park,Prince George's,
Rockledge Park,Prince George's,
Rollins Avenue Park,Prince George's,
Rose Valley Park,Prince George's,
Rosina Baldi Park,Prince George's,
Saddlebrook East Park,Prince George's,
Saddlebrook West Park,Prince George's,
Samuel Ogle Park,Prince George's,
Sandy Hill Park,Prince George's,
Sasscer Park,Prince George's,
School House Pond Park,Prince George's,
Seat Pleasant Heights Park,Prince George's,
Snow Hill Manor Park,Prince George's,
Snowden Oaks Park,Prince George's,
Somerset Park,Prince George's,
South Forestville Park,Prince George's,
South Laurel Park,Prince George's,
Southern Area Dog Park (Riverview Park),Prince George's,
Southlawn Park,Prince George's,
Southwest Branch Stream Valley Park,Prince George's,
Springlake Park ,Prince George's,
Suitland Bog Natural Area,Prince George's,
Suitland Dog Park,Prince George's,
Suitland Park,Prince George's,
Summerfield Park,Prince George's,
Sunnyside Park,Prince George's,
Tabbs Park,Prince George's,
Tanglewood Park,Prince George's,
Tantallon North Park,Prince George's,
Temple Hills Park (Hagan Field),Prince George's,
Templeton Knolls Park,Prince George's,
Thomas Seabrook Park,Prince George's,
Tor Bryan Estates Park,Prince George's,
Turkey Branch Park,Prince George's,
University Hills Park,Prince George's,
Upper Marlboro Pedestrian Mall,Prince George's,
Valley View Park,Prince George's,
Walker Mill Regional Park,Prince George's,
Watkins Regional Park,Prince George's,
Webster Lane Park,Prince George's,
West Laurel Park,Prince George's,
Western Branch Stream Valley Park I,Prince George's,
Westphalia Park,Prince George's,
White Marsh Branch Park,Prince George's,
Whitfield Chapel Park,Prince George's,
Wildercroft Park,Prince George's,
Willow Grove Park,Prince George's,
Willow Wood Park,Prince George's,
Windsor Park,Prince George's,
Woodberry Forest Park,Prince George's,
Woodmore Towne Centre Park,Prince George's,
Woodstream Park,Prince George's,
Yorktown Park,Prince George's,
Martinak State Park,Caroline,
Tuckahoe State Park,Caroline,
Ober Community Park,Caroline,
Choptank River Park & Greensboro Boat Ramp,Caroline,
Cedar Lane Park,Caroline,
Curtis Harvey Memorial Park,Caroline,
North County Regional Park,Caroline,
Christian (Red Bridges) Park,Caroline,
Sunset Avenue Park,Caroline,
Idylwild Wildlife Management Area,Caroline,